user_id,name,upi_id,device_id,signup_date
a641b500,Aryan Maharaj,udantdewan@upi,66e63f8b-6eb,2026-04-21
4b120c94,Gagan Sami,balangirik@upi,1960d8de-cb3,2025-03-14
45101673,Yashasvi Bala,onikannan@upi,3986b98f-c16,2025-09-09
1440a1b0,Abeer Dutta,roak@upi,caf157f1-769,2025-01-24
12e1abda,Gayathri Chaudry,raigunbir@upi,81bf5faf-76e,2025-07-01
4ab76310,Aishani Bassi,hyadav@upi,7662df68-57c,2025-07-17
3928ef92,Chaaya Pathak,ekarajbath@upi,9134902d-876,2026-02-21
d550b18f,Bimala Buch,harrisonrai@upi,e7816626-028,2025-04-29
ba1ee583,Janya Gaba,isha34@upi,8fc07b5e-994,2026-03-25
6239d7a5,Onveer Walla,nihalshere@upi,fed80d2e-7e6,2025-07-17
4da2f2ff,Theodore Nair,karnikazad@upi,6f0a5b17-392,2026-06-13
0defaa6e,Nandini Loyal,kakardivya@upi,5f331193-cf1,2025-03-10
71465287,Meghana Shanker,alkadewan@upi,a481934d-88c,2025-04-05
fe7995a3,Priya Rastogi,theodore28@upi,bf68b038-433,2025-10-14
c495f1ef,Champak Choudhary,nathanielsami@upi,dc6d5618-766,2026-01-02
f913d71d,Lekha Raj,qwadhwa@upi,d7ea7a98-7ad,2025-11-29
eca6f58c,Ishwar Yadav,harini14@upi,5f85b4a0-39c,2025-08-29
eb96a72c,Sudiksha Aggarwal,xiti28@upi,4a9d640c-559,2024-12-17
b6ef6d67,Yashica Issac,kashviedwin@upi,0696c6bf-850,2025-11-18
281cd111,Ekiya Suresh,choudhuryjanani@upi,4c93c7d1-a58,2026-08-09
74327758,Wriddhish Bhardwaj,farhanchada@upi,d163c594-7f8,2026-04-17
7f08aa81,Ekapad Walia,kabirsoman@upi,6ef910ee-e62,2025-11-27
71623c90,Alka Wable,ikakar@upi,4e636d14-cda,2026-05-05
df022081,Devika Rastogi,raksha87@upi,cd38bc87-080,2024-12-28
981e2085,Umang Bhatt,ansh98@upi,996b3a25-6da,2025-03-23
99674ee8,Abhimanyu Bobal,karnikekansh@upi,9ebe94a8-d7f,2024-10-20
e6fd4b3d,Ekavir Varkey,aryasunder@upi,4ceb4c19-40d,2025-03-11
1172d5ba,Urvashi Kibe,mray@upi,4d9d1830-dbb,2024-12-08
732feeed,Raagini Pandya,droy@upi,554ccb59-53a,2026-07-28
33e5cbb6,Guneet Bhat,znori@upi,575ce5f1-951,2026-07-27
00288b0b,Yuvraj Handa,saumyadey@upi,a9e6a037-41e,2025-08-19
f21ea804,Arya Shere,faqidsavant@upi,1ca35c16-a10,2026-06-15
c13a964c,Chandresh Zachariah,chanderwarjas@upi,803cb4f5-eb2,2025-02-02
2097d344,Vedika Srivastava,nandinibhargava@upi,48e3bd88-2ee,2025-01-31
79914080,Aarnav Ramakrishnan,suhani46@upi,5d0c0d11-0c6,2026-03-21
7cfe3b87,Mohammed Gupta,teerth09@upi,ffd45e2d-603,2026-04-20
a66ae09b,Dipta Bhandari,soodyadavi@upi,82f6eeaf-083,2026-07-20
f6030a73,Dakshesh Trivedi,grewalekapad@upi,48f0b03d-9d3,2026-01-01
d808ef4e,Wahab Raval,koshybalveer@upi,53981699-769,2026-01-20
48ed2a96,Oni Virk,advika35@upi,c31a4817-673,2025-03-30
f8778716,Meghana Deep,tanvi51@upi,df69cfd2-a83,2024-10-03
28913e28,Harish Borah,yashawinilanka@upi,f77e4bb1-6bd,2025-01-06
d381493e,Ekapad Konda,bhavani27@upi,527b9e26-830,2026-07-05
ca5571ae,Abhiram Mistry,desaiaishani@upi,3be7191f-103,2024-12-24
35102e35,Nachiket Magar,shivansh53@upi,40f069c3-46c,2026-03-13
0435dcf6,Yashasvi Suresh,charan16@upi,027eadc5-718,2026-07-02
7c300c6b,Chaitanya Aggarwal,kalpit42@upi,25b79fcc-aed,2026-04-24
8af256b5,Prisha Andra,borramanthan@upi,e997552c-ae6,2025-11-23
fb1bd69a,Kala Divan,cdatta@upi,5549160f-884,2025-05-23
820a5f12,Balveer Parmar,zaidchauhan@upi,f25fae62-8b8,2025-06-27
b56c1d26,Mohammed Khalsa,petersachar@upi,dc7609f9-ab8,2024-10-15
d45a3122,Gaurangi Sabharwal,amaradutta@upi,aa02a852-3bd,2026-05-30
7a9f75b1,Lavanya Barad,mkapadia@upi,7e9eef66-f41,2026-06-22
1d2b88dd,Inaya Mody,udantbajwa@upi,cce36fe7-c93,2026-02-20
76b97a6c,Mohini Narasimhan,ekaraj45@upi,9046f951-c5c,2026-02-06
22014a7a,Garima Bala,lalpranav@upi,4246c913-061,2025-12-20
2ebdbbe1,Balvan Chopra,upai@upi,eb6db7d5-b4b,2026-05-29
c5573a86,Rajata Vaidya,rajanranveer@upi,d345db24-261,2025-04-11
904c8802,Rajata Agarwal,janujasankar@upi,9939ea42-a08,2024-11-19
8dc35aae,Dipta Dash,yashica46@upi,44bc0387-f29,2025-06-06
edd4ef94,Chakrika Datta,osharaghavan@upi,ad326f07-fe5,2026-03-06
ac6a7566,Charvi Ravi,modibhavini@upi,2ce18ffb-7ff,2025-03-08
6ca2beb0,Ekanta Shroff,rsathe@upi,b4287f0f-ef4,2025-03-10
3cae30f7,Omkaar Chad,yutika95@upi,534764bd-7d8,2024-12-07
3fbc2d00,Dayita Kar,mananbakshi@upi,bbc34ec7-2f8,2024-10-31
54d72a70,Vaishnavi Bora,osachdeva@upi,5fbc55ef-2de,2025-12-17
c3ce24ec,Leena Talwar,jkohli@upi,009786b3-cbb,2026-02-17
c26eb5c9,Hredhaan Sandal,patrickvasa@upi,5486ec5a-863,2025-09-21
133d564d,Zaid Dara,zdeol@upi,500c5ea8-5e7,2025-09-21
2ae8112d,Saanvi Thaman,ksehgal@upi,c2d55ab7-5eb,2026-04-26
309ff376,Shivani Lad,aradhanaverma@upi,256a1951-b19,2025-10-07
efa46357,Anvi Sarraf,mangalwahab@upi,ddfc0db5-5e5,2025-04-25
9952c83f,Ekaja Zachariah,devimatthew@upi,a1b0f18a-d9c,2025-03-24
42ce7e36,Michael Kala,sachdevanikita@upi,84a60f35-56b,2025-06-10
e94bc0f8,Ojasvi Bhatia,osharamachandran@upi,29194246-377,2026-05-16
b532c2ce,Lajita Sood,pandeychanchal@upi,864a2d04-55f,2026-05-04
cc447832,Oni Yohannan,vinayakanda@upi,23fef535-1f4,2025-04-25
ba96ed68,Vedika Balakrishnan,qnayar@upi,4c2a3569-70e,2026-03-07
d45287d9,Noah Sibal,aviramesh@upi,ce2fa891-0b2,2025-12-29
4cc3bea2,Fiyaz Sangha,triyagopal@upi,6fa13b38-3c4,2024-11-04
aa55e9cc,Ladli Narang,suhaninarain@upi,eeef38f2-0d4,2025-06-15
048f6515,Arunima Sama,finn70@upi,7646228b-fd5,2026-04-30
3ef98fa7,Inaya Kapur,bariaazaan@upi,88c64c48-2d1,2025-04-06
41a6941d,Anmol Dua,jonathansolanki@upi,2744506e-bbb,2026-02-27
966e175d,Tejas Shroff,jyoti29@upi,1b8449aa-325,2026-01-10
5d8324cf,Nihal Mukhopadhyay,baldevika@upi,d32ca56c-31d,2025-12-17
c86ba3eb,Mekhala Issac,kibeharsh@upi,ff6d3c99-65e,2026-03-21
a8ad74e4,Jai Barman,priya51@upi,5f36b3fa-a9d,2025-10-23
617385de,Advik Salvi,bcherian@upi,c441206e-dd2,2025-07-04
eb4fc54b,Michael Saran,anamikayohannan@upi,588457f2-bbd,2026-05-20
35a05296,Udyati Sarin,ekantika31@upi,c10de943-186,2025-04-30
885f111d,Yagnesh Shetty,bnayar@upi,9ae0f61e-249,2025-10-14
22b31aaf,Qabil Sura,ishakuruvilla@upi,6bc0dd84-3b8,2025-06-17
a2d2d8be,Anya Anne,frederickkhurana@upi,5469bd7e-cfb,2026-04-08
8ef4698f,Vrinda Khosla,cswaminathan@upi,46baf193-06b,2026-06-03
35b3ce15,Girik Menon,nidhikohli@upi,1cd764a8-258,2025-05-21
6b29fb9f,Urvashi Wali,pavani85@upi,f45333eb-f0e,2025-06-26
96afdcc6,Anika Mohan,vihaan13@upi,dda8abfe-645,2025-05-29
220982df,Qasim Handa,vedamalhotra@upi,e558806d-c5f,2026-04-11
f0be0a87,Harish Hari,utkarsh52@upi,217f4f0c-209,2025-05-18
b41c0dad,Jonathan Mahal,bhagatbrinda@upi,d766091e-4d5,2026-03-21
3413e735,Vritti Chauhan,maneupasna@upi,e7ceef85-245,2025-10-02
33a9551f,Harini Gour,krishnanvanya@upi,8ff5ffba-9c3,2024-12-23
93d42d31,Nandini Swamy,beramax@upi,66663ca1-cbd,2025-01-19
e424437f,Frederick Kothari,sahaupkaar@upi,651e1852-8a4,2026-05-21
98e547ca,Shravya Savant,pushti49@upi,d8857b1b-100,2026-01-21
a75e8271,Hardik Johal,aishanibumb@upi,27a02a93-b8a,2025-01-25
1cec7a10,Oscar Borde,aarnavrege@upi,33daedc4-9e0,2025-09-10
8b6390eb,Bishakha Bali,bhavyamandal@upi,dc1c0b6c-2bd,2026-03-26
d34f1a73,Ekavir Kaur,rudra61@upi,6ae81ea1-31b,2025-11-22
4179ac00,Manthan Lata,ekbalbhasin@upi,e8c4512b-b01,2025-02-01
538abba2,Bhavya Sarna,sidhudaksha@upi,79c4350e-7bd,2026-03-23
d4c4f052,Anita Tella,fsarma@upi,7033c9dc-e9c,2026-01-03
176e7d25,Rachana Naidu,atharv13@upi,42f27329-005,2026-03-03
f078dc19,Amruta Baria,upmavenkataraman@upi,38c9fa48-2f9,2026-02-14
0d177c02,Arunima Golla,fswamy@upi,ffe1ecd3-cab,2025-09-26
6d07269d,Nilima Nath,henry25@upi,166aa591-ee1,2025-08-11
6e5a87e1,Bhavya Rattan,shagaurang@upi,f2695b17-da3,2025-05-28
f38f8982,Ekiya D’Alia,avarkey@upi,2060d1a2-7a7,2026-02-18
91ce0893,Odika Bhagat,zarnapathak@upi,1812699a-1b3,2026-01-22
cd16cdc7,Riya Behl,amaradeep@upi,c542da04-786,2025-05-07
513deb76,Vedhika Dara,khatrinathan@upi,67200f98-d64,2025-05-25
a76e7875,Nikita Chander,ishaanshenoy@upi,d25bdbcf-05d,2024-12-26
0237b184,Wishi Manne,ojasvi77@upi,436c8c6f-1ee,2025-04-03
9e3928a4,Maanav Rajagopal,yashodadeshpande@upi,976e20dc-d26,2026-07-29
3ae7d9dc,Anya Sachdeva,yashica40@upi,4f00d0f2-cb4,2025-05-03
ac95775c,Vrishti Dixit,eyohannan@upi,0f358453-475,2025-06-21
5e7afb4f,Krishna Shah,ranbir39@upi,06491864-379,2025-07-20
2e5efb51,Nirja Bassi,urvashi66@upi,f2baea33-475,2026-02-23
47c83ec1,Warhi Bansal,yadavinarula@upi,2dbf9870-7bf,2026-08-02
4c50e5ae,Ria Chaudhry,uaurora@upi,ee6efdd6-203,2025-01-15
364977f4,Mohammed Borde,vlanka@upi,a07327ee-ec0,2026-01-23
efe6f40e,Faris Narasimhan,onadig@upi,2edf66dc-30a,2026-04-07
9044ca23,Balendra Biswas,bhavnakaran@upi,acdecfc2-24d,2026-04-29
e0615e02,Radha Chaudhari,sawhneyojas@upi,925a5673-7ea,2026-03-19
d75ab2ea,Ayush Batra,daksh45@upi,072ac257-0f0,2025-07-14
85d6f810,Madhav Konda,kgole@upi,033b6f25-c1a,2025-02-08
940468da,Lavanya Khosla,odhar@upi,0fcd6a35-7c5,2025-09-19
e7d29e84,Tripti Kumer,shroffbhavna@upi,b34f4617-f13,2026-03-06
8b2c7b2c,Ethan Sathe,chandani64@upi,0a20b114-3c9,2025-09-15
aaf5b89a,Rushil Rajagopalan,pchhabra@upi,cecd6417-13d,2025-07-19
201daae9,Chakrika Merchant,randhawaanvi@upi,4e527681-5a1,2024-10-02
883cce42,Watika Mangat,indirakanda@upi,0b3b9bf5-fe4,2026-02-02
2f73ec11,Zashil Devan,baraldayamai@upi,3f9b0bda-4d2,2026-05-31
6f079fee,Bahadurjit Patla,gautammerchant@upi,c39bd9f0-2f5,2025-06-06
dd64f035,Parth Iyer,jasmitwali@upi,c7e0aeac-11c,2025-10-20
77bc4d36,Nitesh Kurian,vmerchant@upi,af2f2527-a1c,2026-08-03
891c476c,Ishwar Sidhu,dhaliwalupkaar@upi,7a9a9350-e0a,2026-07-26
3d6365b7,Jasmit Chana,qatwal@upi,cc16e930-bee,2025-11-16
c64f6155,Suhani Pillay,lakshmi51@upi,c26b652f-797,2026-03-04
4f79a564,Urishilla Bakshi,timothy17@upi,7750feff-f48,2026-03-24
0e476d6e,Nilima Dada,chakradevbarad@upi,a0208131-c51,2025-05-20
6a9c9447,Jack Chatterjee,krishnarama@upi,12ee3893-8c0,2025-09-13
cebc9c9e,Oni Dubey,fchaudhary@upi,062a0cb9-2c4,2026-01-17
2777da57,Ati Bali,teerth77@upi,195c66ab-c8b,2025-03-28
04c22242,Hardik Pillai,darsh64@upi,4991f5c6-f24,2025-02-20
7ed8e0c4,Suhani Chand,anshbedi@upi,a7b3a41a-177,2026-05-30
f9017d54,Yagnesh Dass,ekapadjohal@upi,057e37c4-ccf,2025-12-25
94d2b297,Viraj Narasimhan,aarnavmalhotra@upi,de316df9-cc5,2026-07-24
b557495d,Kalpit Zachariah,owen10@upi,2a881e5f-0a3,2025-01-06
d4b1b2e6,Ishita Khanna,amol24@upi,8937ded1-b0c,2024-11-05
f85e20f5,Oviya Vora,bhattvamakshi@upi,b4b08621-6b3,2025-09-09
73b1e355,Yochana Chopra,othakur@upi,bba7a234-41e,2026-01-16
8ca4f424,Charvi Shanker,bhatvarenya@upi,e7b4cbd8-66d,2026-07-16
ad55ad93,Pooja Chokshi,esawhney@upi,23e5b872-dee,2026-08-25
d5fd8b85,Ekanta Divan,dateanvi@upi,61876a84-17b,2026-01-23
f15e42e6,Lakshmi Wali,sudiksha89@upi,06dc236b-954,2025-08-26
c18974c5,Ishwar Kale,oseth@upi,d85c553b-6f2,2025-08-13
02c4639b,Sudiksha Rastogi,uchandran@upi,ea9893d5-713,2025-08-23
6b95df3d,Aadhya Prasad,urvibhavsar@upi,2b85036e-d5d,2024-12-05
c618f15b,Girik Sankaran,pradhankalpit@upi,4db802c1-9ff,2025-12-02
908836e3,Forum Das,qpandya@upi,420fdf64-228,2026-05-01
d08e6888,Charan Mani,indira19@upi,068a185b-655,2025-10-25
bd52f05a,Mohammed Subramaniam,hritikpalla@upi,72907c22-57a,2026-07-14
c0d20e29,Ishwar Mallick,pushtibal@upi,ef54e936-8e0,2026-01-12
2070e5ed,Ayush Gole,dayamai55@upi,4e7f1479-d7f,2024-09-30
eef17d52,Luke Rattan,dharazaan@upi,f6dfa22f-783,2024-12-06
f30b07f8,Krisha Saini,kom@upi,4bc2a128-c81,2025-07-10
c907f5db,Ekta Chad,dugalnakul@upi,88e8aa3c-ec0,2026-05-04
cd32d25d,Finn Magar,fsamra@upi,16d95fa1-3ca,2026-01-10
d2c937d0,Oeshi Mahajan,yauvanicomar@upi,b458f741-708,2025-06-21
1d1a8e31,Indrajit Mander,qvyas@upi,e316ffc2-72c,2025-05-23
e94e916c,Thomas Rana,amblesamarth@upi,8afd62cd-bcc,2025-05-18
ce98b2bd,Laksh Kumer,falak10@upi,ddebfabe-8b8,2025-10-17
dc65fc60,Parth Dayal,twalia@upi,a3de5c1a-f8a,2025-03-23
ff6f400f,Ekbal Ranganathan,sarinanirudh@upi,6f6b6ab6-2ba,2025-09-18
386f181d,Dhriti Sanghvi,ssahni@upi,5a5477fd-633,2024-12-24
60971dc8,Ansh Nair,trivenipathak@upi,6011f78b-818,2024-12-03
f9af230d,Hitesh Kohli,hrattan@upi,c3f5975c-ac9,2024-11-26
220096e5,Dayita Nori,gauriganguly@upi,c72e7ae4-f85,2024-11-24
b11c362c,Yashvi Hari,indali23@upi,56169905-4e3,2024-12-14
97b87c6b,Aahana Hora,michaelborra@upi,b9b15ca7-23c,2025-02-10
77b31baa,Ucchal Sen,diya27@upi,ddd946f9-d4c,2024-11-18
1f0d5cc6,Riya Mitter,daksh58@upi,b2da648a-195,2024-11-22
98905d0a,Triya Seth,bhandarijyoti@upi,32dea559-1cb,2026-07-03
ff199061,Faraj Chana,lshere@upi,39597721-7f3,2025-11-30
e04c58be,Shivani Guha,vamakshi82@upi,54f56fb8-041,2024-11-13
d0bfd1d0,Harshil Oza,thamanorinder@upi,2a9bc1a4-1d0,2024-10-26
0c298dd1,Raksha Sarna,janujapradhan@upi,9c9396c8-258,2025-05-03
ae0c0266,Nilima Nigam,nattdominic@upi,a40028bd-8ea,2025-06-09
